Comment,
Fe (Felicity) was the best guide I have ever had along with great information with such wonderful enthusiasm. All guides should be like her !,
"I have seen thousands of pictures of the Colosseum from every angle, but until you enter it, you just don't understand. We had a walking tour of the area which was well worth it to get some detailed explanations about the history, would highly recommend a tour. ",
"very interesting place to vist unsure what I was to expect but it was crowded busy and full of people trying to sell you stuff ,just see attraction but we didn't spend more the 30 mins there",
We were lucky enough to take the night time tour which meant very low crowds. That‚Äôs unusual for summer. Loved the underground area at dusk. Can‚Äôt say how the day tour would be but I heard the summer crowds can mean long lines. The difference in the day and night tour is the night tour skips the top floor. The less than 1 hour is for night. I can‚Äôt speak for the high volume day tours.,
"This has always been one of the many sites on my ""bucket list"", and it did not disappoint. We arrived early, so the crowds weren't a problem. The size of the coliseum and the architectural feat to accomplish this at that period in history is nothing short of amazing.",
This place is amazing. But make sure you have a front of line tour/ticket as it is very busy. Have good walking shoes.,
Our tour guide kept constant count of the group and ensured all went through the security areas as a group. He was kind and friendly. He took photos for anyone who needed group shots. Our guide knew his history and shared a lot of historical facts which made the tour in the heat much more enjoyable. We felt safe and informed. He knew where to go and ensured we kept as a group without pestering from vendors or other tour groups. The Skip the Line was worth it. The regular line had a 2 hour wait period. ,
"Awesome historical place. Better to get skip the line tour, the guides were very informative and you font miss out on anything important. Our kids and us parents really enjoyed the wonderful visit!!",
"2 stations away from Termini..if youre not so tired, its a 10 min walk from Termini ..best to check at night",
After lots of research and lots of warnings about how busy the sight gets (understandable given it is one of the most famous places in the world) we decided to pay over the odds for a night tour. There were 25 of us in the group and only one other group in the Colleseum (but at the other side). It was spectacular. You find yourself imagining what it must have felt like being both a spectator or a gladiator in a world almost unimaginably different to now. Our guide (an archaeologist for the Collosseum) was very engaging and informative and able to answer all our questions. if you do one thing in Rome visit this wonderful sight at night. ,
Much less crowded‚Äîwe only saw one other our group. Not as hot as during the day. And it was really cool to see the Colosseum as the sun was setting.,
The colosseum was everything that it was advertised to be. We had a guided tour and Valeria was our guide. She was terrific about giving us as much information as she could while still allowing us time to take pictures and enjoy the atmosphere. The...More,
"We visited the colosseum and done the official underground and Belvedere tour. this was fantastic, you got to learn so much and the tour guide used books to illustrate and help visualise. he tour guide was full of knowledge and stories. The colosseum is spectacular...More",
"It was beyond incredible to walk in a modern city and this gem of history is ""bam"" right there. You look at this monument and imagine it being created without modern technology and think about how many people lost their lives for entertainment. It is...More",
"Colosseum is a must see when in Rome, it has such a colorful past from gladiator to chariot races. It truly shows you a glimpse into Rome‚Äôs past and how the ancient romans were entertained. The structure itself is amazing wondering how the Roman‚Äôs built...More",
We came back after 13 years. A lot has changed. The tour guides are big in amount and small in politeness. Some of them were very annoying. We had tickets pre-booked and switching the order confirmation to actual tickets in a separate line didn‚Äôt take...More,
Only did the self guided tour so didn't access all areas. Plenty of info boards around though so you know what's what and scale of the whole thing is incredible,
"Be careful if using Headout they are scammers. I just got my info stolen after booking with them. The tour was rushed and cut short, now I'm trying to deal with this unscrupulous company that charged for 3 more tours that I didn't even know...More",
Walk around the outside at least twice (avoiding the huge que waiting to go inside) to get the full effect of its enormity and then get a gelato and walk around once more and just let it wash over you....fantastic and do not miss the...More,
"Wonderful! Our guide was in fact a German but he spoke good English. He knew his subject thoroughly but what impressed me was he made the whole experience come alive as if we were there in Roman times. He asked questions, he related what he...More",
"Absolutely amazing but I would definitely get a guided tour. It was great to find out more about the history of this place. Trying to climb the steps wasn't so fun though and it was a sun trap! However, a very beautiful place and a...More",
"The Colosseum is a marvel to view, but so many areas are block off. Still a wonderful experience. I had a personal tour guide.",
A must see when your in Roma. We didn't do a private tour. You can stand anywhere and hear every thing you want to know.,
"Amazing site. What levels of engineering and architectural design. All modern Stadiums have clearly copied from this place for people movement inside. It was 37Celsius the day we arrived there. A bit annoyed by Africans pushing these ""peace wrist bands"" and other hawkers but the...More",
I could spend a whole day here just to take in the beauty of this place! It is so amazing to think that you are in the area where once Gladiators fought for their lives...simply beyond wonderful!,
"We did the tour of the Colosseum yesterday July 22nd with Amelia of City Tours and she was excellent with her in depth knowledge of the sites supported by books and photos.
Be aware that most of this 3 hour tour is outdoors and July...More",
"Since this was my first trip to Italy, specifically to Rome, i wanted to try and see all the places I had only read about, top of the list, The Colosseum.
I booked this tour with ""Walks of Italy"" as it also included ""Palatine Hill""...More",
"The colosseum is amazing!!but the inside isn‚Äôt overwhelming... it definitely is worth it, but don‚Äôt over expect to be blown away. I personally thought the Roman Forum was more impressive!",
"We pre booked tickets which I think is a must as standing in a long line in the heat would be terrible. Next time I think we would get a guide as I think we missed a lot of information.
Only 1 toilet so a...More",
"If you are in Rome, you need to visit the Colosseum, but need to take the tour with a guide because is the correct way to learning about the amazing history of this place, if not use a guide maybe will be a fast tour...More",
"I must start by saying we went on the last Sunday of the month when it is free, this did not stop the persistent fleas from the skip the line company (whom it would appear have manipulated their rating via this site) trying to rip...More",
"Unless you are a fan of the Gladiator or crazy about ancient Rome, there is no need to waste time inside the Collesuem. There is Nothing to see there... just lots of small rooms and ruined tiers.. Better to spend time wandering the Forum instead.Watch...More",
"My Wife and I did the Colosseum and ancient small group tour through Tripmasters and this tour group set the tone for a fantastic vacation and experience. Our tour guide Jorge was amazing with his kindness, attention to detail and taking time to connect and...More",
Avoid at all costs booking with the tiqet company!! Any other company would be better. We ended up going with gladiator. Nobody turned up for our 13:15 tour and then at 13:45 someone turned up and they asked us to wait till 14:15. Then they...More,
We did a guided tour of the colosseum. Our group consisted of a total of 14 people. Eight of those people were ones I was traveling with. I highly recommend the tour that includes the underground of the colosseum as well as the top. I...More,
I was so happy to see the colosseum. i wanted to get some knowledge through my walk around. However the charts are so scanty. I believe unfortunately the trip needs tour guide.,
"We booked guide and that was brilliant. Place is excellent for kids.
Only negative thing I would say is that outside Colosseum there are a lot of people selling all kinds of junk.",
"If you're going to Rome, you shouldn't miss this place. But! if you don't want to stay in hell long line, you should get Roma pass. You will be inside in 10 minutes. Include the bag checking. And colosseum like this is simply amazing. History...More",
"I don‚Äôt recommend this. It looks better outside. Nothing interesting inside in my opinion.
Believe me you can spend the money for anything different even another pizza :)).",
"Its one of the worlds biggest ampitheatre. we took the skip the line tour(colloseum, roman forum and palantine hills). it was a greta experinece to know the roman history in depth. the place is very gorgeous. we planned it during the day (july). As july...More",
"I recommend getting a guided tour, not only will it get you into Colosseum by bypassing the lines but will educate you on subtle aspects of the facility. By current day standards this is a large building but to think it was build roughly 1,938...More",
"My parents and I took a trip to Rome recently, and we knew we had to visit the Colosseum. It was an amazing experience, and 110% worth it! I would say, though, to purchase a Roma Pass, which gives you unlimited travel on the Metro...More",
We did a booking on line before we got to Rome.- - bit of a mission - but was well worth it. We did the underground and up to the 3rd tier,
"My inner gladiator came out when I actually visited this magnificent place. In short, WOW! TIp when visiting: buy the tickets from the Forum office, a couple of blocks away from the Colosseum. You will avoid the long wait lines to buy tickets at the...More",
"It was hot, the area around it was dirty and under construction. There is no set place or signage telling you where to enter. The peddlers are very annoying. The crowds are ridiculous. Very unorganized. Made it hard to enjoy the history of the site.",
"Even if you don't bother to go inside (which you should), you must see the Colosseum when in Rome.
As with most iconic landmarks, buy your tickets in advance! Go early and you can walk right in and have it (mostly) to yourselves. We also...More",
My wife and I decided to go to the Colosseum while on a recent trip to Rome. It was absolutely beautiful to see. We did not take a tour but did walk around it. We had considered skipping it but are thrilled we did not!!!,
Important place to be at when in Rome. If you are Gladiotors fan then will feel little bit nostalgic and will try to connect the dots (which may be futile as that's Picture lot of imagination). :-),
I cant choose if its more amazing day or night!Its a fantastic monument you must see by yourself and explore!,
"I have visited the Colosseum 3 times with different people and had 3 different Colosseum tours.
The first was with Dark Rome (now CityWonders) which was 3&half hours including underground, arena floor & third tier and a walk through the Roman Forum & ending on...More",
"Once you make your way through the enormous queue, the guided tour was phenomenal- extremely knowledgeable staff and the preservation of the site was utterly breathtaking.",
"We went to the Colosseo at 14:30 with our pre paid tickets bought online. Would highly recommend to pay extra for the ‚Äúskip-the-line‚Äù ticket.
It was an amazing building, and to get the whole picture of the history behind this great work of man, it...More",
If you are seeing a Rome in a few days I think a short visit here is enough. Leave time for The Forum which is adjacent and just as interesting. The Colosseum requires you to be mobile and is not for the young or the...More,
"This is the priority on your tick list to Rome, if you visit Rome and say you haven‚Äôt been people will look at you and think you are a philistine! However please be prepared I would strongly suggest you book a tour as you will...More",
"We had a wonderful, informative morning tour of the entire grounds. Felt very safe with all the security. Were delighted to see so much history in one location. Weed Davide planning on at least half a day. Weed have stayed longer a you can tour...More",
"A must see for anyone travelling to Rome, and an exceptional piece of history that needs to be seen.",
"The Colosseum is a must if in Rome. I was awestruck when standing before this ancient ruin. It‚Äôs mass and beauty are something to marvel at. We walked from our hotel all 3 days we spent in Rome to enjoy the view.
On our final...More",
"Take one of the skip the lines guided tours, worth every penny! We got skip the line Colosseum, Forum, Palatine Hill tour! David the tour guide for the 2nd half of the tour (Forum, Palantine Hill) was superb!!!",
"It‚Äôs so great to experience the Colosseum with a great tour guide. It‚Äôs even better to do it when it‚Äôs not a hundred degrees but sometimes that‚Äôs just what you get. If you go in the summer take LOTS of water, an umbrella and hat....More",
"I mean its the Colosseum. If you need more details on why it is cool, you should probably research it.
Due to the sheer number of travelers that visit the Colosseum, they have got it all figured out. Also, as this is guaranteed to be...More",
"The Colosseum is a highlight of any trip to Rome. My kids visited for the first time during our family trip in late June and they were blown away. We took one of the official tours, which was ok, but were able to skip the...More",
We did the right choice to opt for a ‚Äúskip the lines‚Äù guided tour. Even with this privilege it took us one hour of cuing to get in. Our guide made the time in incredible heat more bearable as he used the time well to...More,
Wonderful place to see. Amazing the history held within the ruins. A must see while in Rome. The night tours are incredible.,
"This was a great üèõ. Just one negative thing was we went there in July and it was really hot üî• out there and no shadow at all. If you visit in summer time, just be prepared.",
Colosseum is one of the coolest places you really should visit in Rome...but I would recommend you to NOT stay in the line and to pay to go in and see it inside....there is so many beautiful things to see in Rome and this will...More,
"My wife and I were talked in to getting a ‚Äúfront of the line‚Äù pass. While we did get in faster,it was at a significant premium and the tour that we received was no where near the cost we paid. The actual site is magnificent...More",
"Wonderful feeling, while walking around this site. Piazza dell Colosseo, full of history and wonder...",
"Just amazing, take a tour because the queues can be very long. It will take at least 2 hours to do it all.",
"The colosseum is ok to see but is not for me at least worth the wait or the time spent looking around inside.
I saw it more of where good strong man and woman were killed in battle or for just having a different opinion....More",
Great to see and we did a tour so we could avoid the queues. It is a must see when visiting Rome and great stories the tour guides had to tell!,
"When we where here there was a massive q to get in as singles.
There are people walking around trying to get you to join a group tour.
The group tour was the same price as entry but they get to enter a group door...More",
"Our hotel was a three minute walk to the colosseum. So our first night in Rome we walked there after dinner just to see it from the outside all lit up at night.
We were on a tour and planned to see it the next...More",
"A great guide made this a really good visit. To understand the history makes a big difference. I was in a wheelchair and they do cater for this, so do not be put off. The assembly point is chaotic, but this is Italy!",
I‚Äôve visited the Colosseum many times on previous trip to Rome. This was my wife‚Äôs first trip to Rome. Long lines waiting to get in for self tours. Many tour companies cut time in line by offering guided tours. The price for a group guided...More,
There is construction around the area but it was still easy to access. We found street parking nearby and were able to visit both the Colosseum and the Forum.,
"Beautiful, not much I can really add to other people's reviews but I will say if you go in November at around 7-8pm go get a latte from cafe martini ( turn left when you come out of the metro, follow the road up to...More",
"Been to Rome a couple of times and this ancient construction always amazes me.
The own tour inside is also interesting.",
"Colosseum itself looks very good and it is nice to see such old ruins from the Roman era. However, crowd is very big, and the worst is that there is no shop around where you could buy a bottle of water.",
"We walked from our hotel to see this place, we have seen it on t.v and in books....to be there and view the real thing was inspiring and a memory i shall never forget.",
"Very happy that we got our tickets the day before for the Colosseum, Palatine Hill and the Forum. We breezed past hundreds in line. Then we used the Rick Steve's audio tour which we had downloaded earlier.",
"People all over the world want to visit this Colosseum, so there are plenty of visitors here just like all the other famous spots. So the best visiting time I supposed is around 4 or 5pm when people are less and temp is not that...More",
"After you get down from the bus to see the wonder, you see a beautiful ARC- built for the greatest Roman King Constantine. The wonderfully carved gate welcomes you and soon u see the colosseum. You are reminded of the oscar winning Gladiator movie in...More",
"We took a tour with a group being sold outside the colosseum. The cost was ‚Ç¨28 and included skip the line, entry to the colosseum and an additional tour of the Roman Forum. Colosseum is an absolute must do in Rome, the architecture is incredible...More",
"We came at the colosseum a bit late, we should just see around how does it look. Ended up we bought a ticket for the last opera show at 11pm. The show cost 20 euro, u can seat down & watch the show they made...More",
"We had a wonderful tour guide. The history of the Colosseum, and of Rome in general, is so intense, it‚Äôs really unbelievable. Even when you‚Äôre standing there where history actually happened! This sight is a must see!",
Do yourself a favor- do a little research and get in a tour group or small group guide. I learn something every time I go. BUT- do your homework or inquire at the hotel. There is so much history here that it is hard to...More,
"The Colosseum is an amazing landmark - if only the walls could talk. Instead, hire a good tour guide and take a personalized tour to learn the history of this nearly 2,000 year old structure with stories of the gladiators and spectacles that it housed....More",
We had a great tour and very informative. Really nice skipping the lines. Our tour guide was fantastic,
"You have to visit this place! I am not sure that it is good to pay the tax, because you will see the same things online and you have not to spend a lot of time waiting the queue.",
"Visited the Colosseum and had a guided tour,which was very informative and would highly recommend.Had plenty of free time after to take photographs and look round at our leisure.Drinking water available at certain points inside",
"On my bucket list, always wanted to go here, wasn‚Äôt disappointed, truly breathtaking. Would recommend doing a tour to skip the queues. Once in a lifetime experience, highly recommended",
You need to go there just get it about Rome. but you need to have a vivid imagination to visualise Rome in all its 2000 year ago glory.. some would say they are still living off that given the state of the rest of te...More,
"We book a tour in advance to Vatican and Colosseum tour, while tour of Colosseum was three hour with ‚ÄúCity wonders‚Äù, it was great to skip the line but, you can do this by yourself and see more instead of listening to story over 30...More",
"Alessandra was a great tour guide, as her knowledge was very detailed and she is obviously very passionate about her work. We definitely recommend the 'skip the line' tours as these save much time in the queues.",
"A very good historical site to visit, with a professional guide it will be awesome .
You feel the age of ancien Rome",
"Definitely worth the visit and lives up to expectations. Couple of bits of advice:
- Go early in the day to avoid backlogged entry lines (there‚Äôs a 3000 person capacity) and the oppressive heat.
- Buy a ticket from advance from the Coop Italy/Rome (not...More",
Amazing!!! Buy a tour from the reception when you purchase a ticket - not from the touts outside. So worth doing.,
Had a private tour and reservation to enter onto the floor of the coliseum which was just amazing. This made or whole visit to Rome visiting this masterpiece. Just incredible!!,
Can be very busy so get here early. We joined the queue and again only took 29 minutes to get in. It‚Äôs very busy and you have to pay extra to go in the ‚Äúplatform‚Äù which isn‚Äôt worth it really. It‚Äôs worth walking all the...More,
If it is the only thing you do in Rome make sure you do it. Well worth paying extra for a skip the line ticket and tour. Go early as it gets incredibly busy.,
Amazing place to visit of course. We turned up with no tickets but paid 35 Euro each for a tour guided trip that allowed us to areas not possible with the standard queue ticket. It also bypassed the very large queue. You just pay the...More,
This is my second visit to it and have enjoyed more from the outside looking at it. Better to visit this and other attraction during the off seasons. Very crowded and hot. But great history to see this relic from Roman times,
"We did a tour in the Colosseum which provided us with a lot of information and allowed us to visit places that we usually couldn't visit.
Incredible to see how huge the Colosseum is and how much technology was used to built this.",
Great experience to see but very crowded so a difficult day. We had previously booked tickets so did not have the really big lines. I believe the information on boards and via audio was limited. Did not really give you a feel of the place.,
One cannot imagine how huge the Collosseum actually is until you are standing in front of it. Well worth a visit inside. I strongly recommend tickets in advance with skip the line. Be very cautious of people trying to sell you other tickets or trying...More,
To see the colosseum. Very humid in July so take a brolly for shade if you can and your own water. We took a tour you can pick up at the colosseum for 27 euros each which had two tours in it. One of the...More,
"~It's a historical place
~very nice views
~I visited for educational purpose
~I hope to visit it again",
This is a must see attraction but make sure you have a skip the line ticket otherwise you could be waiting for hours.,
Visited the Colosseum with the entire family. Was a great experience and very informative tour. Was under reconstruction during visit but it did not detract from the tour.,
"Excellent tour. Highly recommended. Mike brought it to life for us. Kept kids, aged 9 and 11, engaged despite the heat and crowds.",
"The Colosseum is as grand, historic, and breathtaking as imagined. It is, however, the busiest location in Rome, and our ""skip-the-line"" pass has a long lineup. It was apparently possible to also buy reserved-time tickets, which had a short line. Something to keep in mind....More",
"I visited the colosseum with a tour guide, was definitely worth it! We met at the Arch of Constantine (arch just outside of he colosseum- really easy to find) and we‚Äôre taken around the colosseum, palatine hill and the Roman forum. Was a fantastic way...More",
"The place is worth to visit , it‚Äôs a historical place of Italy where you will enjoy knowing the information and how they build it . But I recommend you to visit it early if your trip because of the rush and the line ....More",
Pay to join an organized tour. You will skip the long line to enter and learn about what you will see hopefully from a good quality guide. Most guide services with supply a radio to hear your guide with a set of disposable earphones so...More,
"The largest amphitheater ever built, it is an evidence of the greatness of the ancient Roman empire.
Tourism in Rome is not completed unless visiting the Colosseum.",
"This is a MUST see if you are in Rome! It is really surreal to be standing where the Romans fought. Wow, it is fabulous. We were in awe of the place. But, by the tickets to skip the line because it is a long...More",
My husband and I took a skip the line tour. A lot of walking and very hot but definitely worth it. Fascinating piece of history.,
Used City Wonders to visit colosseum and Palestine hill. Great tour with knowledgeable guide. Our second colosseum visit in 20 years and well worth the visit.,
"Midday is the best time to go in January, buy your tickets before hand and you do not have to go with guide. you can buy audible for the history.",
"We bought our tickets online (June) through the colosseum website before we left on our trip (in August). When you arrive, there are only two lines--one for ""pre-bought/Skip the line"" and one for ""paying"". We had arrived at the colosseum ~30 minutes before it opened....More",
Having visited the Colossseum a number of times over the years something has significantly deteriorated in the organisation of tickets. We bought official tickets from the website but the no ticket que was quicker than our ‚Äúofficial after 2pm tickets‚Äù. The reason for this was...More,
So it is neat because it‚Äôs old and massive. Architecture achievement to build it impressive for ancient building. Did it faster than we could today and it lasts. Most of damage to it from intentionally removing stones for other projects not from poor construction. Did...More,
"Visited here early afternoon today with supposedly skip-the-queue tickets, but still had a long wait. There is also a tiresome airport-like security check. It probably is worth seeing inside, but you wouldn't be missing much by circling the exterior, viewing 'inside' photos on TripAdvisor, and...More",
"Using our Roma pass we were able to avoid the queue and go straight in to the colosseum hassle free. The place is spectacular, beggars belief how they built it, incredible history through this place and thoroughly fascinating. Would highly recommend.",
"A trip to Rome isn‚Äôt complete without a visit to the Colosseum. It was a little crowded and disorganized to get in since we were with a group who already had reservations but once we were inside, it was fine. Busy (what else would you...More",
We booked the skip the line colosseum tour through trip advisor and we had an amazing tour! Our guide really knew her stuff and we learned things we never would have thought of! The colosseum is breathtaking and it‚Äôs truly an experience everyone should have.,
"This place is just wow, firstly recommend booking a tour guide for two reasons you have access to certain areas where others can't go. Also the tour guides tell you bits you would never have known. You get to skip the line and by pass...More",
"I have been to the Colosseum msny times now, but am also inspired by this work of art. There are exhibits on the upper floor, showing photos and scale models, etc. Night tours, underground, and even more upper floors are available for viewing.
A hint,...More",
"As you expect this is a must see place in Rome.
The normal queue is in the shade in the morning and in the sun in the afternoon. Go in the morning , take plenty of water, although you can refill inside for free. Queue...More",
"Title says it all. Have been to El Djem which is in much better condition, so was a bit disappointing. That said, it was still awesome",
Great to get to see the Colosseum in person as it is way much more impressive than the photos. Definitely recommend getting the Roma Pass and using it to skip the line here or at least buying tickets at the Palatine entrance to the Forum...More,
So much history! We did the night tour with Walks of Italy and I highly recommend that company. It was nice to go at night when it was not hot and learn about all the history of the Colosseum.,
"The best place in the world! I especially recomend it for your first kiss with someone special! It's very romantic, beautiful and full of history. In other words it's AMAZING!",
The Colossum is a must visit if you are in Rome. Do not hesitate to pay the fee to enter and enjoy taking pictures inside!,
We signed up for a last minute tour out front and got a tour of the forum included. It was 35 euro per person but well worth it. It‚Äôs awe inspiring. Maybe come at a cooler time of year.,
"Used the beat the queue route, lots of vendors outside the venue to choose from, just make sure they have ID. Once inside you can leave the group if you wish. Very atmospheric.",
"We pre booked the belvedere tour with the official colleseum site. When we arrived at the colleseum we were inundated with people selling selfie stick, water etc. Just say no firmly and carry on walking. There are loads of official staff outside who have id's...More",
"Just go its mind blowing , fantastic place if your into old ruins and artefacts. Busy but well worth it As per usual if you want to enter it‚Äôs going to cost Book in advance to jump the huge cue , watch out for local...More",
"One of my favourite places on our time trip!
Just an amazing sight, and such an experience to be able to go inside it! Hard to believe how old it is.
My highlight!",
"While we have been here many times, since we had our daughter and grand daughter with us, we had a wonderful guide, which we found from Rick Steves Book. Best time ever, and also skipped the lines!",
a must for anyone visiting Rome and please do with a guide you find out so so much more of its history,
"There‚Äôs no doubt you should definitely visit the Colosseum in Rome.
There are a few ways to go in faster than the regular waiting line.
Get a Roma Pass!!
For ‚Ç¨28 you can buy a Roma pass online or in the information/magazine shop next to...More",
"Colloseum lived up to expectations, it was surreal to see it and go inside. Go in the afternoon, 4pm onwards to avoid massive crowds and lines. Buy your ticket at Roman forum, ask for the pass to get you into colloseum, should be about 12...More",
"- probably the most famous of Rome monuments, so its a must-do
- suggest going early in the morning around opening time (less crowded) or around dusk (for the view & lighting), during the afternoon its hot (completely open monument, so not too much covered...More",
Our family arranged a guided tour of the Colosseum with skip the line privileges and boy were we happy we did once we saw the lineup to get into the Colosseum. The only problem we ran into was once we went through security they pulled...More,
"The place is well maintained by the authorities. If you have interest in history no other place can match up with the excitement of being there, in case you lack interest in history then just take pictures outside to let others know you were in...More",
"We had pre-booked tickets online before hand. We had a bit of trouble finding where to go with our tickets or where to check in seeing as signs aren‚Äôt marked very well. And once we got to the place to pick up our reserved tickets,...More",
"This is a must see if you are in Rome
It takes your breath away.
But make sure to take a guided tour to learn all about its history",
You need to buy tickets before and not at the last minute as you will wait in a long queue which is quite tiring,
I suggest you sign up for one of the guided tours since by yourself lines are long and the commentary was very helpful about historic details and general information. We had a guide that had a notebook with supplemental pictures to help explain the parts...More,
"This is definetly one of the best places to be at when in Rome. The view is simply stunning.
However you can get a ticket to it from the adjoining Roman Forum ticket counter and save on the line. Be careful of the pick pockets...More",
Fascinating history. Take a guided tour to get the history and potentially skip the line. Wear comfortable shoes and bring water if visiting during the summer.,
"Went there with my gf, we landed from cruise and had limited time. Saw lots of people there and a long line for the Colloseum. Some woman came to me wearing shirt ""official guide"" and she said she's colloseum staff. Even though we were suspicious...More",
"Although I did not go in, the place was magnificent. Lighting at night superb and enticing. Sadly I ran out of time to go in.",
"As impressive as the exterior structure is...the inside is where all the ""unbelievable"" happens...It's kind of hard to get your mind around how the colosseum was used / what it was designed for. Truly an experience not to miss while in Rome.",
Beautiful and historical site. It was surreal peering into the bottom from above and imagining the fighting and games of the ancient Romans.,
"Definitely worth skip-the-line tickets. We used our RomaPass and saved an extreeeeemely loooong wait in line. The Colosseum is just.... AMAZING. We couldn't get enough. Even hubby who is NOT a history buff, got totally bewitched by the place. Imagining what went on there....you really...More",
Worth a visit - try a guided tour combined with Palatin & Forum Romanum to get the most out of your visit and skip the waiting lines (often you have to wait 2-3 hours),
"I won't write how impressive and historical significant is the Colosseum, because we all know this :) My recommendations are:
- if you happen to go in the summer, use the Roma pas card. Thus you skip the line, and you don't have to wait...More",
"Nice atmosphere , go in the afternoon. Get tickets before hand - you still wait in line.
The colosseum was wonderful.",
Stunning. Would recommend the audio tour as it was very informative. There is so much to see. It is definitely a day job. We did everything in a day and it felt rushed but it was a great experience,
"We bought the tickets at the Palatinus Hill gate. It was just a minute, there wasn't line. The ticket is valid for the Palatinus Hill, Roman Forum, and the Colosseum. We get a free map. Entry to the Colosseum was also quick.
The Colosseum is...More",
"A must see when visiting Rome. I would strongly recommend to book a guided tour to get a slot that beats the queuing and boy are the queues long! A guided tour also gives you so much more information, how the Colosseum looked in it's...More",
"I started my 12 km sightseeing walk through Rome at the Colosseum. It is fabulous that this historic building still stands even when it is damaged. The architecture is brilliant for the time it has been built. Unfortunately, there are thousands of people around.",
A magnificent day. our tour guide was engaging and knowledgeable and took us on a journey through the Colosseum and Roman Forum and Palatine Hill.,
"The Colosseum is amazing! By far the best thing that I saw and visited while in Rome. We had a guided tour with a small group, which really helped for the Colosseum to come alive. It is amazing how closely it is to modern day...More",
Paid for a semi private tour. Worth the money. Tour guide was very informative and took the time to explain lots of details. If In rome you don‚Äôt want to miss this place. Lines are long so plan most of the day here. Lots of...More,
"Rome is so full of history and interesting places to see! This is one that might give you pause when you think of all the horrible things that have happened there, but you still want to walk around, and maybe think about and pray for...More",
We did the Omnia pass for 72 hours in Rome and the Colosseum was one of the sites included in the pass. The pass is well worth your money especially here because the general public line is horrendous and hot. We were able to skip...More,
"Wonderful Colosseum, built 2000 years ago and still there for your delight. So much History in there. I would strongly suggest to go through a skip the line tour. The queue is huge. A must see !",
In Rome the Colosseum is a must do experience and it really is fantastic and would I would definitely recommend it. I would recommend getting tickets not on the day you go but the day before from the Roman forum as well as you can...More,
Loved the whole experience. Book a tour but no need to do it online as you will pay more. We walked of the metro and ppl were there with options. Bring water and few snscks as tours go for 3 hrs and you cant buy...More,
We did the ‚Äòtop‚Äô tour including the underground and the highest level, having been during the day we went back in the evening to see it illuminated - it was my favourite part of the weekend
"I liked my experience at the Colosseum, but I was not impressed by it. Of course, there was way to many people. I would still recommend it because of its history, and the beauty of the architecture, but was definitely not impressed by it.",
"I am alway skeptical about ‚Äòskip the line tickets‚Äô, however, on this occasion I could not recommend it more. Those queuing would probably be in the colosseum for less time than they had queued. The colosseum itself is interesting and a marvel, however, I feel...More",
We did both of these events and purchased them through Coopculture.it. The Belvedere tour takes you way to the 5th level of the arena and the view is spectacular. Sangue e Arena is a night program that is shown on the arena floor which is...More,
Did 1 hour tour of coliseum with fun tours. Booked on trip advisorw. Little difficult finding office but tour was very well worth booking. 1 hour very Informative tour. So well worth skip the line tour. Definitely worth tour price.,
"If you are not one for tours and prefer to look around yourself, be prepared to wait in line for hours and be subject to 1000 tour guide prospectors hounding you as you wait along with bottles of water being shoved in your face as...More",
"We visited July 2018. We did not buy tickets in advance. When we arrived at Colosseum we were attacked by a pack of salesmen, offering skip the line tickets for 30 EUR / piece. Since the next available skip the line slot was 45 min...More",
Awesome to stand next to the walls and think how long it has been here. Technical wonder and incredible theatre. Make sure you book a guide or take the audio option to make the best of your time here. Inevitable queues but they limit the...More,
"We took a guided tour with pick up from our hotel,Ben our guide was extremly knowledgeable and made it very interesting and lively with funny quips as well.Very hot day so we were glad of the chance to refil water bottles at the fountains.Wear comfortable...More",
"Anticipation up to the day of our tour. Did not disappoint. Wish we could have stayed longer. So, we booked another tour two days later with another company. We also walked by at night. This is the best time to visit the outside because it...More",
Our tour of the Colosseum was well organized although with so many visitors it becomes a bit hectic at times. Never the less we were shown all around and provided with great history of this place.,
Everyone has to visit the Colosseum when in Rome! If your not bothered about going to the top guided floors (wasn‚Äôt a great deal more to see from there) then just queue up and buy your tickets. You will be pestered about queuing for 2...More,
"Came around 10pm, able to skip the queue using the Roma pass. Would recommend going early / book tickets / buy roma pass to skip the line so you can admire this amazing architecture before the crowd floods in or when it's too hot. Do...More",
Visiting the Colosseum was a highlight of our Rome visit. So much history. We chose a guided tour with skip the line and it was perfect. You really get a feel for what might have happened centuries ago by seeing the ruins. Spend some time...More,
This was a definite must see must do on mine and my sons bucket list!! It did not disappoint!!! Get the skip the line pass!!!!,
"It‚Äôs just amazing, the craftmanship that has been placed in this building is just mindblowing. You have to experience this yourself. If you‚Äôre really interested you can buy an audioguide, think that was 7 euros. Be there early (!), there is alot of people. Don‚Äôt...More",
Skip the line PLUS walk in an even faster entrance if you have a private guide. We researched all the options and went with Livitaly virtual tour. It was fascinating. When done find the restaurant Coming Out for beer and pizza.,
Very nice and interesting attraction in Rome - in beg. july not that many tourists - the tour buses stop close by and only 5-10 minutes walk from Metro,
We came on a very hot day but there are lots of shady spots to hunt out and rest in. We booked the audio and video guide and think this was an excellent option on a hot day as we could take our time going...More,
We have used Real Rome Tours and you go underground and on the arena base - well worth the money as you avoid the horrendous queues. Beware of the street sellers they are a nuisance and watch your belongings outside the Colosseum,
We booked a Colosseum Underground tour. The tour had access to the top level and also under the Colosseum. Having a guide describe the history and what it used to be like is a must as it adds colourful context to the spectacular structure,
"Visited this place 2 years ago and went inside too. This time didn't go in, but came to see it during the evening once more and it is a pretty cool and lovely sight.
Is it worth queing and waiting to get in during +35...More",
Superb attraction. Well worth a visit. Visited with teenagers and they loved it. Breathtaking architecture and interesting tours. Book in advance to avoid the queues.,
"This place is amazing. It‚Äôs huge, it‚Äôs old...the history is amazing. We hired a private tour guide to show us around. Well worth it.",
"This place was absolutely incredible. This was at the top of my must see list and it didn't disappoint. Unfortunately, it was fairly crowded when we went and we were glad that we had bought our tickets ahead of time; however, within an hour of...More",
"HISTORY Revealed!
We booked this with ""Walks of Italy"" months in advance and it did not disappoint!
Direct access is worth while, and our tour was exceptional.
Can't wait to bring our son back to see the depth of History revealed!",
"Honestly, the primary reason the spurred my family traveling to Europe and especially throughout Italy. It was totally worth it and lived up to, if not surpassed my expectations... which were already incredibly high! I strongly suggest hiring a reputable tour company to skip the...More",
This place was on my bucket list and it didn't disappoint.We used a vip tour that they sell at the top of the stairs.35 euros each and that gets you in the Colosseum through the entrance that the gladiators used.Really good tour and you can...More,
"Wow!!!! Rome is by far one of the most beautiful places I have ever been to. The history, the people, the atmosphere, the atmosphere, the beauty....
The colosseum was out of this world. We did an underground tour, so you could travel through where the...More",
A lot of people. Recommend that you buy a ticket online with specific time slot. We booked a ticket online and took the earliest possible timeslot. This enabled us to walk right in without queues and there were not so so many people. I think...More,
"The Colosseum is an attraction you have to add to your list and a Guided Tour is a must!!
We recommend Gladiator Tours.
It's worth paying the extra to skip lines and have a Guide.
We appreciated the bottled water upon checkin.
Thank you.",
The history and the usage of this venue was fantastic just being te here imagining the gladiators and the naval fights was incredible,
"Of course, this is one of the 2 top tourist locations. The crowds were large and the tour groups caused a lot of issues blocking walkways and etc. This was my 3rd trip to Rome and I always enjoy touring the Colosseum but it's easy...More",
"This attraction is a must see in Rome. The problem is that every visitors want to see it.... Thus the Skip the line Tour is well worth it ... actually a must!
We had booked the wrong time of the day, Laura (the manager I...More",
This was one of pur first stops. We did not pay to go in. We walked around after sunset enjoying the light effects and the sound of summer crickets in the trees. The streets are cobbled so wear comfortable shoes. You can fill up your...More,
This was our fourth visit to the Colosseum over the years and it never ceases to amaze. If there was only one thing I could see in Rome it would be the Colosseum. It is an awesome and magical place. It is easy to do...More,
"This is an amazing place, that you can visit with the same ticket as the forum and palatine hill (be smart and buy your tickets at the palatine hill, the queues are way shorter there).
However the information boards are a bit lacking and unless...More",
"We got to learn about the history and the beauty of this place. It is a must see of Rome, that no tourist should ever miss.",
Just FYI - we where approached by a Skip-The-Line Tour Guide and decided as we had time not to use their services (at additional cost) - as it turned out it was a good decision as it was the day we went was the 1st...More,
We came here for the day, the que was huge so would highly reccomend purchasing fast track tickets before traveling. Super efficient once we had been to the booking office straight in and into the venue. Amazing scenery and easy to find.
"Be sure to purchase your entry tickets before you get there, as there were people everywhere and in long lines to purchase the tickets there.. If you have the tickets in hand you entry line is the shorter of them.",
Absolutely amazing! Really great photo opportunities around the colosseum and so much to look at. I would definitely recommend buying tickets to visit before hand as the ques looked massive! We would definitely return here it‚Äôs so beautiful. Visiting at night time was extremely special...More,
Amazing! Don‚Äôt miss it! It was one of the most breath-taking experiences i‚Äôve ever witnessed! Make sure you‚Äôre there early,
"Had a guided tour of the Colosseum, and it was great. Just looking at it is wonderful, but when you get the story behind everything comes to life. It is really impressive, and our tour guide Nils was amazing!
Spend a couple of hours dreaming...More",
The best place in rome i was almost 2 hours and i did not wanted to leave...Ticket is 17 euros plus the roman forums....If you go early there is no line....,
"This amazing building is a must see! I highly recommend you buy tickets online and pick a time slot. Even doing this, We had a few short lines to stand in, but it didn‚Äôt take long to get in. It‚Äôs a little confusing to enter...More",
Great attraction - very well run with massive capacity for the massive crowds. Make sure to take an official tour - we did belvedere and loved the views from the top. Our tour guide was also fabulous.,
"History at it's best! We went an hour before the closing time, so the line was not that big, spent some like 15 minutes to get inside... Don't miss the Forum, just outside Colosseo - the admission uses the same tickets.",
Go with a small group tour including underground tour! Amazing and breathtaking! We had a guided tour and were well informed of the architecture and history of this marvellous site!,
"This is a truly stunning place to visit, but with young children it can actually be frightening. You are harassed and invited for water, hats, umbrellas, tours, skip the line literally every second. Be firm and ignore. We had paid to skip the line, which...More",
Very good site that has to be seen. Great viewing positions and lift available fir those that need it. Nothing there to fault .,
"Visiting the Colosseum was a once in a lifetime event. We were shocked at the SHEER SIZE of the structure (this wasn't so obvious to us in pictures). We visited during the day, when we could see all the detail. We highly recommend touring the...More",
"This is an amazing place to visit, even if you're not a history buff. The Flavian Amphitheater as it was originally called is just an engineering marvel to behold. They actually used molten copper and lead between the heavy stones to keep the building flexible...More",
"As one of the wonders of the world, Colosseum is unquestionable a must-see location. The history in those walls is fascinating and a guided tour can really open it for you. Just be prepared to wait in line for a rather long time, specially during...More",
"Not much here but the history. It was cool to see but don't waste half of your day here. There are a lot of people, so be prepared to be bumped and pushed, because the people were not patient. If you are mobility impaired, don't...More",
"Went to the Colosseum, Roman Forum and Palantine hill with a guide (Maria?) on a city wonders half day tour and it was absolutely stunning. All the ancient roman architecture is stunning. What was best was the context given by the tour guide (all of...More",
OMG. Excellent experience. Mega spectacular. Our tour guy was well knowledgeable. Answer all our questions.,
Loved our guide and the headsets plus we skipped the line! She was very knowledgable and really loved her job!,
"The Colosseum could hold, it is estimated, between 50,000 and 80,000 spectators. One of the best palace that I look.",
"Bought a couple of tickets online to skip the queue at around 5pm. Had absolutely no trouble getting in, took around an hour to tour the site and it was amazing.
I would recommend pre booking as the queue at around 11am looked to be...More",
Colosseum was fantastic - we visited with tour group Trafalgar- very busy . Make sure you book a skip the line ticket if visiting in pick season- otherwise wait will be 1-2 hrs,
"For this one, I got the skip the line pass but WITHOUT a guide. That worked for me because I pretty much know the basics about the Colosseum and didn't need a guide. Certain tours though will allow you to go up to the highest...More",
It's The must go place in Rome. If you booked your ticket online don't go to the cashdesk next to the colloseo but go straight to the cashdesk next to Forum Romanum you will save yourself a lot of time.,
"This review is from my visit on July 16, 2018. This was a stop on the Big Red Bus Tour that we knew we wanted to visit. I say we because I am traveling with my adult son. We set out the day to see...More",
Buy your tickets in advance or you will be standing in a very hot line for ages. Once inside you are taken back to the days of the Roman empire and the Gladiator battles. Take plenty of water and be prepared to get pestered continuously...More,
Colosseum is a definite stop while in Rome! It's absolutely astonishing that this remains here. The history and beauty are breathtaking. For those wondering about tours...It isnt necessary to buy tickets prior to arriving. I would definitely advise to purchase tickets amd skip the line....More,
"Very much worth the price to pay and skip the line. It is very crowded inside and out. Lots of walking, but it is worth it. It is very hot in June/July. Sun screen and a big hat are essential.",
"This is a great attraction to see in Rome. There are crowds, crowds, crowds!. However, this attraction is the Hop-on, Hop-off buses. So, if you have a ticket for the hop-on, hop off, this is your transportation. Purchase your tickets ahead of time, even from...More",
"We waited until the last minute to get tickets, so there were limited options available for a scheduled visit, which we preferred to do.
If you plan far enough in advance, you can get in on tickets for the underground tour, which we heard great...More",
This is a wonderful structure and easy to get there by public transport . The question where long so it would be good to book in advance,
Took an excursion to Rome from our 12 day cruise. Did a walking tour that included a stop to see the Colosseum. It was busy in mid May. Six million people are in Rome daily! The weather was comfortable and not too hot. We walked...More,
"Ok thought I would write a review, since I consulted tripadvisor a lot when I was booking and researching tickets and found all the options mind boggling . Visited yesterday and had a fun visit with 10 and 13 year old & hubby.
I booked...More",
"Just unbelievable.... has to be visited if in Rome... it‚Äôs definitely one not too miss.
Crowds can be a problem, best to pre book skip the line tickets. A guide gives so much more info and is recommended.",
Remarkable piece of architecture that has so much history attached to it. I listened to the Rick Steves' audioguide during my trip and loved it!,
The Colosseum is of course a must do in Rone! We did our visit just after a gladiator training at the Gladiator School of Rome. Therefore our visit truly meant something to our 2 boys (10 and 12). We purchased our tickets online on the...More,
Amazing! Absolutely incredible! The history here and original architecture is breathtaking. Unfortunately I did not do a guided or audio tour but would definitely recommend an audio tour at least as there isn't a lot of information boards throughout. It's a must see when visiting...More,
One of the essential things to visit during your stay. Get a fully guided tour and listen to the history of the building and what used to happen there. Absolutely awesome and a must visit. We did a joint tour of Colosseum and Palatine Hill....More,
Without a shadow of doubt in it's hay day it would be spectacular . It was a nice visit but found the Vatican city nicer even thou I am non religious...,
Definitely a cant miss site in the center of Rome. So well preserved/restored and such fantastic history. The kids will be fascinated and it is such a spectacular part of a truly amazing city,
"I went to Rome to see the Colosseum and wasn't disappointed. A truly wonderful experience. To be able to see the different levels, the size of the place and walk around was amazing.
We booked with a tour guide which was extremely informative.",
We had an excellent tour guide here and would recommend having one to jump the queues even more though it was at a cost of 28 euros extra per person on top of our jump the q ticket price... it basically meant we could enter...More,
The sheer size of this build also reflects the thousands who were slaughtered here in the name of entertainment.,
"We went to the Colosseum as part of a Trafalgar Tour so we beat crowds and had great access. Photo opportunities galore!! This place is amazing to look at, walk around and be in.",
"Very cool place, but so many people. Crowds were huge, be very careful of your belongings. Annoying peddlers selling water, umbrellas, selfie sticks plus a few hustlers mixed in. We took a skip the line tour. Was good but our tour guide was a fast...More",
"If you go to Rome, you have to visit the Colosseum. Make sure you get your tickets in advance to enter the Colosseum because the lines are huge if you plan on buying tickets on the spot.",
"The Colosseum is a ‚ÄúMUST SEE‚Äù attraction when visiting Rome, even if it is just for the day.
We visited Rome for the day as part of a cruise which docked in the Rome port of Civitavecchia and it was well worth the journey into...More",
"You definitely cannot miss this attraction when in Rome. I was told by the Airbnb host not to book the skip-the-line tickets. However I got there the first Sunday of the month, which is free entry for everyone. I got there at 8am, there was...More",
You are interested in the Roman history? Put your books back in the library and simply go to Roma. I recommend starting with the Colosseum as it is one of the most impressive building still standing in Roma. You can spend many hours in there....More,
"One of the most magnificent monument greatly conserved. Roman forum was a great walk with James, our guide.
What an amazing experience for all of us.",
"Obviously if it is your first time to Rome, this is a must see. It was hot the day we went but put up with the heat.",
We bought the skip the line ticket directly from the official website which allow us to enter after 2pm which was perfect for us to walk around Roman Forum before the Colosseum. I wanted to see the underground but it was not available - book...More,
There is no question that any visit to Rome would not be complete without a visit to the Colosseum! It does get very hot and crowded in the summer months and front of the line tickets are well worth the investment. We have had a...More,
My sister and I left this beautiful building until the last day of our 4 day trip to Rome. We pre-booked our ticket so we didn‚Äôt have to queue up like other tourists there. It‚Äôs well worth taking a guided tour as this building is...More,
Just a must see! Next to the Forum and the Arch of Constantine. Fairly walkable but do know it is crowded most of the time. Great experience,
Wow factor when we stepped out of the metro and saw it. Skip the queue is a must especially when it‚Äôs boiling!! Lots of walking and we got a commentary iPhone inside which was useful. Must see in Rome but watch the pick pockets !,
"Nothing prepares one for the splendor and ingeniunity one is confronted with.
A must to enjoy with a guided tour and tickets to be purchased ahead for sure.",
"I can not stress this enough....book your tickets ahead of time! This will save you from waiting in line for hours. I booked ahead, visit there website, purchase tickets, you will receive an email will your booking information, print that off and then bring it...More",
"Truly astounding place to visit. Very glad we booked a five hour tour with a guide (also because we could skip the very long queues at the colosseum itself), who brought the history of the site alive with an explanation of the background to many...More",
"Truly an engineering marvel. The history alone is amazing. However, the ruins are proof of incredible Roman skill. The Colosseum and Roman forum private tours are definitely worth the money. We didn‚Äôt wait in line for anything and enjoyed a remarkable history lesson from our...More",
"It‚Äôs still standing!! Amazing. If you can get over the history of the bloody games that were played here it‚Äôs just cool to imagine the Romans (emperors and plebeians alike) hanging out here so long ago.
Definitely worth a tour.",
"Great place to visit, get the skip the line underground tour, which has a complimentary Palatine Hill walking tour thrown in.",
Highly recommended. Buy an open ticket online beforehand to avoid the ticket lines. Also use Rick Steve‚Äôs free podcast to guide you around the building.,
"An absolutely amazing place! Well worth visit. If you want to see it without the crowds and 100 degree heat, I would highly recommend signing up for a night time tour where they take you on the main floor,of the Colosseum and there are only...More",
"We had ‚ÄòMaximus‚Äô as our guide and he was GREAT! Informative, engaging and funny - also thoughtful about our needs on such a hot day. We all gained a lot of information from this tour and it was just the right length of time. It...More",
Ok pips zillions of tourists hitting the hot spots have amazing picture's many touts flogging items and tickets be aware comon sence here all walking distance to hot spots,
Being inside this structure can be overwhelming due to the crowds in there with you. That said I would still recommend it as it is a piece of history that is still standing. Take water in with you as it can take a while to...More,
"Fantastic piece of history. Take the audio guide to be fully informed. Like the rest of Rome free water fountains. Buy in advance online and be sure to get the included Paletine Hill option, it's stunning.",
"When you think of Rome, one thing comes to mind. But you really don't understand the beauty and the history of this magnificent structure.
We did the tour that took you to the underground and to the highest level - the views were incredible and...More",
"If you can help it, don‚Äôt pay absurd amounts of money for the gladiator entrance. You get just as good a view from the top floors as you do from the ‚Äúarena floor‚Äù.",
"We visited in July and the site itself was extremely busy (understandable) however it‚Äôs very chaotic, there are long queues to get inside but there are random people gathering up people for organised guided tours which we took advantage of.
The guided tours have their...More",
The Colosseum is very beautiful ..however we only have an hour and due to long queues we could able to outdoor tour only but it still worth it. Colosseum was an amazing structure where gladiator fight's take place...It is amazing to stand next to it...More,
Booked a small group tour and it was amazing. Definitely a must see whilst in Rome. Book a tour though so you get to see some of the private areas.,
I was amazed being there and seeing the Colosseum in person. It is so full of history and I am so glad I stopped to see it.,
"If you're in Rome, you must go to the Colosseum (at least once). The structure is so massive it really gives you a feel for what life was like in ancient Rome.",
Definitely make it Your priority! It‚Äôs spectacular! Worth the money and the wait. Many people don‚Äôt go in but YOU MUST! You won‚Äôt regret it!,
"Such an incredible iconic building. We paid extra to visit one of the top levels - well worth it and the guide was great. It rained whilst we were here but plenty of places to shelter.
You need to be pretty fit with all the...More",
"You kind of have to see the Colosseum, and I recommend doing it with a tour so you aren't straggling on your own. It can get pretty hot so be sure you've got some hydration secured.
Be prepared with a bit of streetwise -- the...More",
We decided to book our tickets online (coopculture.it) to save queuing for tickets on the day - definitely a good decision and would recommend! All we had to do was stand in a small line to exchange our print-out for an official ticket. We had...More,
Marvellousl to see it standing. Some building. Downside watch your bags. Different people inhabit here. Don't buy water here. Always from a shop. Queues here so advantageous to have pass. Photos fantastic setting.,
We went to the Colosseum utilizing the Metro. It was quick and easy to get to. Be aware that there are A LOT of pesty vendors outside the Colosseum who will follow you. We did not take a tour but when through it on our...More,
Was a great place with amazing people and amazing food! I enjoyed the area and the people and the food more importantly!,
Too many Indians getting in the way and being annoying - trying to see tourist tat. Very annoying. No wonder the locals dont like them.,
The Colosseum is a must stop in Rome. Excellent! You feel that history stop for the moment and see very clear in your mind the sports and political activities celebrated there.,
"To stand in the Colosseum and imagine what life was like back then, let your imagination go ! I would recommend fast track and a guide to make the experience even more interesting. The hassle outside gets to you, but this was the only place...More",
"The collosuem is one of the key attraction within Rome. I recomend if u visiting in summer, start early to skip the lines and enjoy the grandeur structure before the heat increases. I did not take a tour but rather downloaded an audio guide which...More",
"We took a guided tour on colosseum, because there was huge queys also in other entrances near area. Place has really raw history and you got lot of new info on tour. If we would had visited without tour we would had missed lot of...More",
Beautiful and fascinating. But crowded. Buy tickets and your with Francesca with tours by locals. She was great,
